,TERMINACION,CAMPO,LATITUD,LONGITUD
0,AGAVE_1,AGAVE,17.75271,-92.910489
1,AGAVE_1001,AGAVE,17.752748,-92.929428
2,AGAVE_1A,AGAVE,17.751712,-92.910859
3,AGAVE_201,AGAVE,17.72126,-92.872849
4,AGAVE_203,AGAVE,17.736873,-92.882192
5,AGAVE_221,AGAVE,17.713397,-92.868
6,AGAVE_221A,AGAVE,17.713497,-92.868203
7,AGAVE_222,AGAVE,17.713416,-92.877548
8,AGAVE_223,AGAVE,17.713441,-92.858706
9,AGAVE_232,AGAVE,17.721234,-92.872725
10,AGAVE_241,AGAVE,17.705604,-92.863408
11,AGAVE_242,AGAVE,17.724576,-92.877107
12,AGAVE_301,AGAVE,17.729478,-92.868112
13,AGAVE_301R,AGAVE,,
14,AGAVE_302,AGAVE,17.729471,-92.858619
15,AGAVE_303,AGAVE,17.729478,-92.868112
16,AGAVE_311,AGAVE,17.739575,-92.867004
17,AGAVE_32,AGAVE,17.767749,-92.919573
18,AGAVE_33,AGAVE,17.768247,-92.901143
19,AGAVE_36,AGAVE,17.768266,-92.938827
20,AGAVE_41,AGAVE,17.761126,-92.905794
21,AGAVE_42,AGAVE,17.759474,-92.913429
22,AGAVE_43,AGAVE,17.759843,-92.896324
23,AGAVE_45,AGAVE,17.760453,-92.887001
24,AGAVE_51,AGAVE,17.761137,-92.905958
25,AGAVE_512,AGAVE,17.744388,-92.905835
26,AGAVE_52,AGAVE,17.752594,-92.910561
27,AGAVE_522,AGAVE,17.747677,-92.911589
28,AGAVE_53,AGAVE,17.752593,-92.891648
29,AGAVE_53A,AGAVE,17.75258,-92.891622
30,AGAVE_54,AGAVE,17.752559,-92.919291
31,AGAVE_55,AGAVE,17.752603,-92.882283
32,AGAVE_55A,AGAVE,17.752603,-92.882283
33,AGAVE_56,AGAVE,17.752583,-92.929473
34,AGAVE_57,AGAVE,17.7526,-92.87544
35,AGAVE_61,AGAVE,17.745405,-92.895968
36,AGAVE_611,AGAVE,17.752673,-92.89163
37,AGAVE_612,AGAVE,17.739527,-92.896247
38,AGAVE_62,AGAVE,17.744718,-92.905846
39,AGAVE_621,AGAVE,17.749212,-92.906724
40,AGAVE_63,AGAVE,17.743491,-92.887154
41,AGAVE_64,AGAVE,17.744625,-92.915055
42,AGAVE_65,AGAVE,17.744579,-92.877722
43,AGAVE_71,AGAVE,17.736526,-92.891942
44,AGAVE_72,AGAVE,17.737632,-92.901987
45,AGAVE_721,AGAVE,17.742236,-92.900977
46,AGAVE_72A,AGAVE,17.737586,-92.90196
47,AGAVE_72B,AGAVE,17.737648,-92.901978
48,AGAVE_73D,AGAVE,17.736899,-92.882275
49,AGAVE_74,AGAVE,17.736937,-92.910503
50,AGAVE_76,AGAVE,17.737121,-92.92226
51,AGAVE_82,AGAVE,17.729256,-92.896346
52,AGAVE_84,AGAVE,17.729101,-92.905832
53,AGAVE_92,AGAVE,17.721261,-92.891704
54,AGAVE_93,AGAVE,17.721259,-92.87277
55,ARTESA 35_A-110,ARTESA,,
56,ARTESA 351_A-110,ARTESA,,
57,ARTESA 351_A-120,ARTESA,,
58,ARTESA 352_A-110,ARTESA,,
59,ARTESA 352_A-120,ARTESA,,
60,ARTESA 353_A-110,ARTESA,,
61,ARTESA 353_A-120,ARTESA,,
62,ARTESA 354_A-110,ARTESA,,
63,ARTESA 354_A-120,ARTESA,,
64,ARTESA 355_A-120,ARTESA,,
65,ARTESA 355R_A-100,ARTESA,,
66,ARTESA 356_A-100,ARTESA,,
67,ARTESA 356_A-110,ARTESA,,
68,ARTESA 357_A-110,ARTESA,,
69,ARTESA 357_A-120,ARTESA,,
70,ARTESA 358_A-120,ARTESA,,
71,ARTESA 359_A-120,ARTESA,,
72,ARTESA 360_A-100,ARTESA,,
73,ARTESA 360_A-110,ARTESA,,
74,ARTESA 360_A-120,ARTESA,,
75,ARTESA 361_A-100,ARTESA,,
76,ARTESA 361_A-110,ARTESA,,
77,ARTESA 361_A-120,ARTESA,,
78,ARTESA 362_A-110,ARTESA,,
79,ARTESA 363_A-100,ARTESA,,
80,ARTESA 363_A-110,ARTESA,,
81,ARTESA 364_A-110,ARTESA,,
82,ARTESA 365_A-100,ARTESA,,
83,ARTESA 365_A-110,ARTESA,,
84,ARTESA 366_A-100,ARTESA,,
85,ARTESA 366_A-110,ARTESA,,
86,ARTESA 367_A-100,ARTESA,,
87,ARTESA 367_A-110,ARTESA,,
88,ARTESA 368_A-110,ARTESA,,
89,ARTESA 369_A-100,ARTESA,,
90,ARTESA 369_A-110,ARTESA,,
91,ARTESA 369_A-120,ARTESA,,
92,ARTESA 370_A-110,ARTESA,,
93,ARTESA 371_A-100,ARTESA,,
94,ARTESA 372_A-100,ARTESA,,
95,ARTESA 372_A-110,ARTESA,,
96,ARTESA 374_A-100,ARTESA,,
97,ARTESA 374_A-110,ARTESA,,
98,ARTESA 375_A-100,ARTESA,,
99,ARTESA 376_A-100,ARTESA,,
100,ARTESA 376_A-110,ARTESA,,
101,ARTESA 377_A-100,ARTESA,,
102,ARTESA 377_A-110,ARTESA,,
103,ARTESA 378_A-110,ARTESA,,
104,ARTESA 379_A-100,ARTESA,,
105,ARTESA 379_A-110,ARTESA,,
106,ARTESA 380_A-100,ARTESA,,
107,ARTESA 380_A-110,ARTESA,,
108,ARTESA 380_A-120,ARTESA,,
109,ARTESA 380_A-170,ARTESA,,
110,ARTESA 381_A-110,ARTESA,,
111,ARTESA 381_A-120,ARTESA,,
112,ARTESA 382_A-100,ARTESA,,
113,ARTESA 382_A-110,ARTESA,,
114,ARTESA 383_A-100,ARTESA,,
115,ARTESA 383_A-110,ARTESA,,
116,ARTESA 384_A-100,ARTESA,,
117,ARTESA 384_A-110,ARTESA,,
118,ARTESA 384_A-120,ARTESA,,
119,ARTESA 385_A-100,ARTESA,,
120,ARTESA 385_A-110,ARTESA,,
121,ARTESA 386_A-100,ARTESA,,
122,ARTESA 386_A-110,ARTESA,,
123,ARTESA 387_A-100,ARTESA,,
124,ARTESA 387_A-110,ARTESA,,
125,ARTESA 393_A-100,ARTESA,,
126,ARTESA 393_A-110,ARTESA,,
127,ARTESA 394_A-100,ARTESA,,
128,ARTESA 394_A-110,ARTESA,,
129,ARTESA 394_A-120,ARTESA,,
130,ARTESA 394_A-170,ARTESA,,
131,ARTESA 395_A-100,ARTESA,,
132,ARTESA 395_A-110,ARTESA,,
133,ARTESA 395_A-120,ARTESA,,
134,ARTESA 402_A-100,ARTESA,,
135,ARTESA 402_A-110,ARTESA,,
136,ARTESA_1_MES,ARTESA,,
137,ARTESA_11_MES,ARTESA,,
138,ARTESA_13_MES,ARTESA,,
139,ARTESA_15_MES,ARTESA,,
140,ARTESA_2_MES,ARTESA,,
141,ARTESA_21_MES,ARTESA,,
142,ARTESA_22_MES,ARTESA,,
143,ARTESA_24_MES,ARTESA,,
144,ARTESA_26_MES,ARTESA,,
145,ARTESA_3_MES,ARTESA,,
146,ARTESA_3_TER,ARTESA,,
147,ARTESA_4_MES,ARTESA,,
148,ARTESA_41_MES,ARTESA,,
149,ARTESA_44_MES,ARTESA,,
150,ARTESA_4A_MES,ARTESA,,
151,ARTESA_5_MES,ARTESA,,
152,ARTESA_5A_MES,ARTESA,,
153,ARTESA_62_MES,ARTESA,,
154,CACTUS_1_S,CACTUS,,
155,CACTUS_1001_I,CACTUS,,
156,CACTUS_1002_I,CACTUS,,
157,CACTUS_1003_I,CACTUS,,
158,CACTUS_1004_I,CACTUS,,
159,CACTUS_1006_I,CACTUS,,
160,CACTUS_101_I,CACTUS,,
161,CACTUS_103_I,CACTUS,,
162,CACTUS_1038_I,CACTUS,,
163,CACTUS_1045_I,CACTUS,,
164,CACTUS_1057_I,CACTUS,,
165,CACTUS_1063_I,CACTUS,,
166,CACTUS_107_I,CACTUS,,
167,CACTUS_1073,CACTUS,,
168,CACTUS_1073A_I,CACTUS,,
169,CACTUS_11_I,CACTUS,,
170,CACTUS_111_I,CACTUS,,
171,CACTUS_115_I,CACTUS,,
172,CACTUS_117_I,CACTUS,,
173,CACTUS_1190_I,CACTUS,,
174,CACTUS_13_I,CACTUS,,
175,CACTUS_17_I,CACTUS,,
176,CACTUS_1D_S,CACTUS,,
177,CACTUS_2_I,CACTUS,,
178,CACTUS_2_S,CACTUS,,
179,CACTUS_20,CACTUS,,
180,CACTUS_20A_I,CACTUS,,
181,CACTUS_21_I,CACTUS,,
182,CACTUS_213_I,CACTUS,,
183,CACTUS_215_I,CACTUS,,
184,CACTUS_22,CACTUS,,
185,CACTUS_23_I,CACTUS,,
186,CACTUS_25_I,CACTUS,,
187,CACTUS_3_I,CACTUS,,
188,CACTUS_3_S,CACTUS,,
189,CACTUS_30_I,CACTUS,,
190,CACTUS_301_I,CACTUS,,
191,CACTUS_302_I,CACTUS,,
192,CACTUS_302_S,CACTUS,,
193,CACTUS_303,CACTUS,,
194,CACTUS_308,CACTUS,,
195,CACTUS_31_I,CACTUS,,
196,CACTUS_321_I,CACTUS,,
197,CACTUS_321_S,CACTUS,,
198,CACTUS_322_I,CACTUS,,
199,CACTUS_322_S,CACTUS,,
200,CACTUS_323_I,CACTUS,,
201,CACTUS_33_I,CACTUS,,
202,CACTUS_341_I,CACTUS,,
203,CACTUS_341_S,CACTUS,,
204,CACTUS_35_I,CACTUS,,
205,CACTUS_361_I,CACTUS,,
206,CACTUS_37,CACTUS,,
207,CACTUS_4_S,CACTUS,,
208,CACTUS_40_I,CACTUS,,
209,CACTUS_40_S,CACTUS,,
210,CACTUS_41_I,CACTUS,,
211,CACTUS_41_S,CACTUS,,
212,CACTUS_42_I,CACTUS,,
213,CACTUS_42D_I,CACTUS,,
214,CACTUS_43_I,CACTUS,,
215,CACTUS_43_S,CACTUS,,
216,CACTUS_45_I,CACTUS,,
217,CACTUS_47_I,CACTUS,,
218,CACTUS_47_S,CACTUS,,
219,CACTUS_4D_I,CACTUS,,
220,CACTUS_5_S,CACTUS,,
221,CACTUS_50_I,CACTUS,,
222,CACTUS_50_S,CACTUS,,
223,CACTUS_51_I,CACTUS,,
224,CACTUS_52,CACTUS,,
225,CACTUS_52A_I,CACTUS,,
226,CACTUS_53_I,CACTUS,,
227,CACTUS_54,CACTUS,,
228,CACTUS_55,CACTUS,,
229,CACTUS_55A_I,CACTUS,,
230,CACTUS_57_I,CACTUS,,
231,CACTUS_6_S,CACTUS,,
232,CACTUS_60_I,CACTUS,,
233,CACTUS_60_S,CACTUS,,
234,CACTUS_60D_S,CACTUS,,
235,CACTUS_61_I,CACTUS,,
236,CACTUS_61_S,CACTUS,,
237,CACTUS_61D_I,CACTUS,,
238,CACTUS_62_I,CACTUS,,
239,CACTUS_62D_S,CACTUS,,
240,CACTUS_63,CACTUS,,
241,CACTUS_63A_I,CACTUS,,
242,CACTUS_64_I,CACTUS,,
243,CACTUS_65_I,CACTUS,,
244,CACTUS_65_S,CACTUS,,
245,CACTUS_67_I,CACTUS,,
246,CACTUS_7_S,CACTUS,,
247,CACTUS_72_S,CACTUS,,
248,CACTUS_73_I,CACTUS,,
249,CACTUS_73_S,CACTUS,,
250,CACTUS_75_I,CACTUS,,
251,CACTUS_750_I,CACTUS,,
252,CACTUS_77,CACTUS,,
253,CACTUS_8_I,CACTUS,,
254,CACTUS_82_I,CACTUS,,
255,CACTUS_85_I,CACTUS,,
256,CACTUS_85_S,CACTUS,,
257,CACTUS_87,CACTUS,,
258,CACTUS_90_I,CACTUS,,
259,CACTUS_92,CACTUS,,
260,CACTUS_95_I,CACTUS,,
261,CACTUS_95_S,CACTUS,,
262,CARMITO_1,CARMITO,,
263,CARMITO_11,CARMITO,,
264,CARMITO_12,CARMITO,,
265,CARMITO_13,CARMITO,,
266,CARMITO_15,CARMITO,,
267,CARMITO_2,CARMITO,,
268,CARMITO_22,CARMITO,,
269,CARMITO_23,CARMITO,,
270,CARMITO_25,CARMITO,,
271,CARMITO_3,CARMITO,,
272,CARMITO_31,CARMITO,,
273,CARMITO_33,CARMITO,,
274,CARMITO_35,CARMITO,,
275,COBO_1_A13_BI,COBO,18.04794052,-92.33051415
276,COBO_1_A14_16_BI,COBO,18.04794052,-92.33051415
277,COBO_1_A16_BI,COBO,18.07311706,-92.29172598
278,COBO_10,COBO,18.07745007,-92.2834961
279,COBO_101,COBO,18.04330835,-92.32217579
280,COBO_11D_A20_BI,COBO,18.04330835,-92.32217579
281,COBO_11D_A21_BI,COBO,18.04341032,-92.32233504
282,COBO_11I_A20_BI,COBO,18.04341032,-92.32233504
283,COBO_11S_A13_BIV,COBO,18.04262333,-92.32555339
284,COBO_11T_A13_14_15_BIV,COBO,18.04262333,-92.32555339
285,COBO_11T_A15_BIII,COBO,18.04262333,-92.32555339
286,COBO_11T_A20_BI,COBO,18.04251537,-92.32621591
287,COBO_11T_A22_BI,COBO,18.04792845,-92.31415285
288,COBO_12,COBO,18.04802706,-92.33039553
289,COBO_15_A20_BI,COBO,18.04018685,-92.32898827
290,COBO_15_A22_BI,COBO,18.04783924,-92.3255833
291,COBO_16_A13_BI,COBO,18.04795205,-92.32579649
292,COBO_16_A20_BI,COBO,18.04795205,-92.32579649
293,COBO_16D_A11_BII,COBO,18.04795836,-92.32573808
294,COBO_16D_A12_BI,COBO,18.04795836,-92.32573808
295,COBO_16D_A14_BI,COBO,18.04802375,-92.32197837
296,COBO_17_A20_BI,COBO,18.04832107,-92.32197005
297,COBO_17_A21_BI,COBO,18.06858977,-92.29989246
298,COBO_2_A11_BIII,COBO,18.05316594,-92.32987313
299,COBO_20_A20_BII,COBO,18.07794115,-92.30652461
300,COBO_201,COBO,18.0421114,-92.35060869
301,COBO_3,COBO,18.0776481,-92.30613728
302,COBO_301,COBO,18.06234037,-92.33047843
303,COBO_4,COBO,18.05304751,-92.32281033
304,COBO_6,COBO,18.05300065,-92.32279851
305,COBO_6AI_A16_BI,COBO,18.05300065,-92.32279851
306,COBO_6AS_A15_BI,COBO,18.05807822,-92.31512129
307,COBO_7,COBO,18.06322125,-92.30741334
308,COBO_8I_A15_BII,COBO,18.06322125,-92.30741334
309,COBO_8S_A11_BIII,COBO,18.05957058,-92.29991165
310,COBO_9,COBO,17.79893818,-92.61355409
311,CHILAPILLA_1_A1,CHILAPILLA,,
312,CHILAPILLA_10_B3,CHILAPILLA,,
313,CHILAPILLA_10_B4,CHILAPILLA,,
314,CHILAPILLA_101,CHILAPILLA,,
315,CHILAPILLA_10D_A1,CHILAPILLA,,
316,CHILAPILLA_11_B1_B2,CHILAPILLA,,
317,CHILAPILLA_11_B3,CHILAPILLA,,
318,CHILAPILLA_11_B4,CHILAPILLA,,
319,CHILAPILLA_114_B2,CHILAPILLA,,
320,CHILAPILLA_115_B1,CHILAPILLA,,
321,CHILAPILLA_115_B2,CHILAPILLA,,
322,CHILAPILLA_115_B3,CHILAPILLA,,
323,CHILAPILLA_116_B2,CHILAPILLA,,
324,CHILAPILLA_117_B1,CHILAPILLA,,
325,CHILAPILLA_117_B4,CHILAPILLA,,
326,CHILAPILLA_117D_B1_B2,CHILAPILLA,,
327,CHILAPILLA_117D_B2,CHILAPILLA,,
328,CHILAPILLA_11D_A1,CHILAPILLA,,
329,CHILAPILLA_12_B4,CHILAPILLA,,
330,CHILAPILLA_12D_A1,CHILAPILLA,,
331,CHILAPILLA_13_B3,CHILAPILLA,,
332,CHILAPILLA_13_B4,CHILAPILLA,,
333,CHILAPILLA_135_B2,CHILAPILLA,,
334,CHILAPILLA_136_B2,CHILAPILLA,,
335,CHILAPILLA_13I_B2,CHILAPILLA,,
336,CHILAPILLA_13S_B1,CHILAPILLA,,
337,CHILAPILLA_14_B1,CHILAPILLA,,
338,CHILAPILLA_14_B2,CHILAPILLA,,
339,CHILAPILLA_14_B3,CHILAPILLA,,
340,CHILAPILLA_14_B4,CHILAPILLA,,
341,CHILAPILLA_15_A1,CHILAPILLA,,
342,CHILAPILLA_15_B2,CHILAPILLA,,
343,CHILAPILLA_15_B3,CHILAPILLA,,
344,CHILAPILLA_16_B2,CHILAPILLA,,
345,CHILAPILLA_16_B4,CHILAPILLA,,
346,CHILAPILLA_17,CHILAPILLA,,
347,CHILAPILLA_1D_B2,CHILAPILLA,,
348,CHILAPILLA_1D_B3,CHILAPILLA,,
349,CHILAPILLA_25_S/N,CHILAPILLA,,
350,CHILAPILLA_26_B2_B3,CHILAPILLA,,
351,CHILAPILLA_26_B3,CHILAPILLA,,
352,CHILAPILLA_27I_B2,CHILAPILLA,,
353,CHILAPILLA_27S_A1,CHILAPILLA,,
354,CHILAPILLA_28,CHILAPILLA,,
355,CHILAPILLA_29,CHILAPILLA,,
356,CHILAPILLA_31_B4,CHILAPILLA,,
357,CHILAPILLA_31D_A2,CHILAPILLA,,
358,CHILAPILLA_38_B2,CHILAPILLA,,
359,CHILAPILLA_40_B2,CHILAPILLA,,
360,CHILAPILLA_40_B3,CHILAPILLA,,
361,CHILAPILLA_40D_A1,CHILAPILLA,,
362,CHILAPILLA_41_B3_B4,CHILAPILLA,,
363,CHILAPILLA_41_B4,CHILAPILLA,,
364,CHILAPILLA_43_A1,CHILAPILLA,,
365,CHILAPILLA_43_A1_A2,CHILAPILLA,,
366,CHILAPILLA_43DI_B4,CHILAPILLA,,
367,CHILAPILLA_43DS_B1,CHILAPILLA,,
368,CHILAPILLA_5_B2,CHILAPILLA,,
369,CHILAPILLA_50_A2,CHILAPILLA,,
370,CHILAPILLA_50_A6,CHILAPILLA,,
371,CHILAPILLA_50D_B4,CHILAPILLA,,
372,CHILAPILLA_50DI_B3,CHILAPILLA,,
373,CHILAPILLA_50DS_B2,CHILAPILLA,,
374,CHILAPILLA_51_B3,CHILAPILLA,,
375,CHILAPILLA_51_B4,CHILAPILLA,,
376,CHILAPILLA_51D_A2,CHILAPILLA,,
377,CHILAPILLA_5D_A1,CHILAPILLA,,
378,CHILAPILLA_5D_B3,CHILAPILLA,,
379,CHILAPILLA_6_A2,CHILAPILLA,,
380,CHILAPILLA_65_B3,CHILAPILLA,,
381,CHILAPILLA_65D_A1,CHILAPILLA,,
382,CHILAPILLA_65D_A2,CHILAPILLA,,
383,CHILAPILLA_66,CHILAPILLA,,
384,CHILAPILLA_6D_B2,CHILAPILLA,,
385,CHILAPILLA_8_5,CHILAPILLA,,
386,CHILAPILLA_8_5-1,CHILAPILLA,,
387,CHILAPILLA_8_B2,CHILAPILLA,,
388,CHILAPILLA_80_B2,CHILAPILLA,,
389,CHILAPILLA_80D_A1,CHILAPILLA,,
390,CHILAPILLA_81_B1,CHILAPILLA,,
391,CHILAPILLA_81_B4,CHILAPILLA,,
392,CHILAPILLA_81D_A1,CHILAPILLA,,
393,CHILAPILLA_82_A1,CHILAPILLA,,
394,CHILAPILLA_8D_A1,CHILAPILLA,,
395,CHILAPILLA_8D_A7,CHILAPILLA,,
396,CHILAPILLA_9_B4,CHILAPILLA,,
397,CHILAPILLA_96_B2,CHILAPILLA,,
398,CHILAPILLA_97_B4,CHILAPILLA,,
399,CHILAPILLA_98_A1,CHILAPILLA,,
400,CHILAPILLA_98D_B2,CHILAPILLA,,
401,CHILAPILLA_98D_B2_B3,CHILAPILLA,,
402,CHILAPILLA_9DI_A2,CHILAPILLA,,
403,CHILAPILLA_9DS_A1,CHILAPILLA,,
404,CHILAPILLA_9I_B3,CHILAPILLA,,
405,CHILAPILLA_9S_B1,CHILAPILLA,,
406,GAUCHO_1,GAUCHO,,
407,GAUCHO_10,GAUCHO,,
408,GAUCHO_11,GAUCHO,,
409,GAUCHO_21,GAUCHO,,
410,GAUCHO_22,GAUCHO,,
411,GAUCHO_23,GAUCHO,,
412,GAUCHO_25,GAUCHO,,
413,GAUCHO_3,GAUCHO,,
414,GAUCHO_301,GAUCHO,,
415,GAUCHO_35,GAUCHO,,
416,,,,
417,SHISHITO_1_Z_1,SHISHITO,17.78542482,-92.6853554
418,SHISHITO_1_Z_2,SHISHITO,17.78542482,-92.6853554
419,SHISHITO_1_Z_5,SHISHITO,17.78032622,-92.6845056
420,SHISHITO_1_Z_8,SHISHITO,17.78032622,-92.6845056
421,SHISHITO_10_B2,SHISHITO,17.78070982,-92.68697677
422,SHISHITO_10_Z_6,SHISHITO,17.77947762,-92.68514863
423,SHISHITO_10R_Z_1,SHISHITO,17.78136902,-92.68601943
424,SHISHITO_10R_Z_2,SHISHITO,17.78136902,-92.68601943
425,SHISHITO_10R_Z_3,SHISHITO,17.7806647,-92.68702402
426,SHISHITO_11H_Z_4_3,SHISHITO,17.79117298,-92.68765023
427,SHISHITO_11H_Z_6,SHISHITO,17.77940573,-92.68541292
428,SHISHITO_11L_Z_7,SHISHITO,17.77940573,-92.68541292
429,SHISHITO_12_Z_6,SHISHITO,17.77940573,-92.68541292
430,SHISHITO_14_Z_4,SHISHITO,17.78087479,-92.67841494
431,SHISHITO_14_Z_5,SHISHITO,17.78087479,-92.67841494
432,SHISHITO_14R_Z_8,SHISHITO,,
433,SHISHITO_15_Z_8,SHISHITO,17.78087479,-92.67841494
434,SHISHITO_15_Z_8_7,SHISHITO,17.78087479,-92.67841494
435,SHISHITO_15_Z_8_7_6,SHISHITO,17.78087479,-92.67841494
436,SHISHITO_16_Z_5,SHISHITO,17.77705953,-92.68113217
437,SHISHITO_4_B1_ZRGL,SHISHITO,17.78544928,-92.68505193
438,SHISHITO_4_Z_1,SHISHITO,17.78544928,-92.68505193
439,SHISHITO_4_Z_2,SHISHITO,17.78218789,-92.68663277
440,SHISHITO_4_Z_3,SHISHITO,17.78218789,-92.68663277
441,SHISHITO_41_Z_8,SHISHITO,,
442,SHISHITO_45_Z_8,SHISHITO,17.779202,-92.687369
443,SHISHITO_5_Z_1,SHISHITO,17.7877994,-92.32935408
444,SHISHITO_5_Z_1,SHISHITO,17.84803529,-92.30512993
445,SHISHITO_5R_Z_4_3,SHISHITO,17.7877994,-92.32935408
446,SHISHITO_5R_Z_6,SHISHITO,17.79436635,-92.276324
447,SHISHITO_6_Z_6,SHISHITO,17.79436635,-92.276324
448,SHISHITO_6_Z_6_5,SHISHITO,17.79436635,-92.276324
449,SHISHITO_16_Z_5_4_3,SHISHITO,17.77705953,-92.68113217
450,SHISHITO_17_Z_8_7_6_5,SHISHITO,17.77705953,-92.68113217
451,SHISHITO_17_Z_8_7_6_5_4_3_2,SHISHITO,17.77705953,-92.68113217
452,SHISHITO_2_Z_5,SHISHITO,17.79117322,-92.68746058
453,SHISHITO_2_Z_5_4,SHISHITO,17.79117322,-92.68746058
454,SHISHITO_2_Z_8,SHISHITO,17.79117322,-92.68746058
455,SHISHITO_2_Z_8,SHISHITO,17.79117322,-92.68746058
456,SHISHITO_21_Z_8,SHISHITO,17.779258,-92.687017
457,SHISHITO_22_Z_8,SHISHITO,,
458,SHISHITO_25_Z_8_6,SHISHITO,17.779258,-92.687017
459,SHISHITO_6_Z_6_5_4,SHISHITO,17.79436635,-92.276324
460,SHISHITO_63_Z_8,SHISHITO,,
461,SHISHITO_7_Z_7,SHISHITO,17.79436635,-92.276324
462,SHISHITO_7_Z_7_6,SHISHITO,17.79436635,-92.276324
463,SHISHITO_8_Z_1,SHISHITO,17.79990147,-92.28031894
464,SHISHITO_8_Z_2,SHISHITO,17.79990147,-92.28031894
465,SHISHITO_9_B1_ZRGL,SHISHITO,17.83013567,-92.28880195
466,SHISHITO_9_Z_2,SHISHITO,17.82110467,-92.28880853
467,SHISHITO_91_Z_8,SHISHITO,17.83013567,-92.28880195
468,HORMIGUERO_1_A10_BV,HORMIGUERO,18.12115387,-92.39895123
469,HORMIGUERO_10_A12_1BVIII,HORMIGUERO,18.12115387,-92.39895123
470,HORMIGUERO_10_A15_BVII,HORMIGUERO,18.12115387,-92.39895123
471,HORMIGUERO_10_A16,HORMIGUERO,18.12125463,-92.39894871
472,HORMIGUERO_10D_A10_BVIII,HORMIGUERO,18.12471237,-92.39206941
473,HORMIGUERO_11_A6_BIII,HORMIGUERO,18.12167416,-92.37904972
474,HORMIGUERO_12_A12_1BIV,HORMIGUERO,18.12167416,-92.37904972
475,HORMIGUERO_12_A12_3BIV,HORMIGUERO,18.12167416,-92.37904972
476,HORMIGUERO_12_A6_BII,HORMIGUERO,18.11981867,-92.37286527
477,HORMIGUERO_13_A_NP,HORMIGUERO,18.1199213,-92.37282493
478,HORMIGUERO_13A_A10_BIV,HORMIGUERO,18.1199213,-92.37282493
479,HORMIGUERO_13A_A12_1BIV,HORMIGUERO,18.11254468,-92.37322131
480,HORMIGUERO_14_A_NP,HORMIGUERO,18.11147005,-92.38682023
481,HORMIGUERO_1D_A5_BII,HORMIGUERO,18.11147005,-92.38682023
482,HORMIGUERO_1D_A6_BII,HORMIGUERO,18.11746332,-92.39269709
483,HORMIGUERO_2_A6_BIII,HORMIGUERO,18.11735869,-92.3926793
484,HORMIGUERO_2D_A10_BVI,HORMIGUERO,18.11735869,-92.3926793
485,HORMIGUERO_2D_A12_1BVI,HORMIGUERO,18.12056824,-92.38589826
486,HORMIGUERO_3_A12_3BV,HORMIGUERO,18.12056824,-92.38589826
487,HORMIGUERO_3_A4_BIII,HORMIGUERO,18.12056824,-92.38589826
488,HORMIGUERO_3_A5_BII,HORMIGUERO,18.12056824,-92.38589826
489,HORMIGUERO_3_A6_BII,HORMIGUERO,18.12714788,-92.37237486
490,HORMIGUERO_38_A_NP,HORMIGUERO,18.1253312,-92.40529785
491,HORMIGUERO_39_A6_BIII,HORMIGUERO,18.12522997,-92.40529687
492,HORMIGUERO_39D_A10_BXI,HORMIGUERO,18.12522997,-92.40529687
493,HORMIGUERO_39D_A15_BIX,HORMIGUERO,18.11861356,-92.38606709
494,HORMIGUERO_3D_A12_1BV,HORMIGUERO,18.11861356,-92.38606709
495,HORMIGUERO_3D_A12_2BV,HORMIGUERO,18.11861356,-92.38606709
496,HORMIGUERO_3D_A6_BII,HORMIGUERO,18.1166425,-92.37953911
497,HORMIGUERO_4_A12_2BIV,HORMIGUERO,18.1166425,-92.37953911
498,HORMIGUERO_4_A12_4BIV,HORMIGUERO,18.1166425,-92.37953911
499,HORMIGUERO_4_A15_BIV,HORMIGUERO,18.1166425,-92.37953911
500,HORMIGUERO_4_A6_BII,HORMIGUERO,18.11800716,-92.40571522
501,HORMIGUERO_40_A10_BVIII,HORMIGUERO,18.11080488,-92.40614386
502,HORMIGUERO_41_A10_BVII,HORMIGUERO,18.10682683,-92.39978372
503,HORMIGUERO_42_A9_BI,HORMIGUERO,18.10215344,-92.38037296
504,HORMIGUERO_44_A_NP,HORMIGUERO,18.12848429,-92.39858563
505,HORMIGUERO_46_A6_BIII,HORMIGUERO,18.13234905,-92.40509057
506,HORMIGUERO_47_A_NP,HORMIGUERO,18.11454298,-92.41266227
507,HORMIGUERO_48_A_NP,HORMIGUERO,18.10876905,-92.36687307
508,HORMIGUERO_49_A12_1BII,HORMIGUERO,18.10876905,-92.36687307
509,HORMIGUERO_49_A15_BII,HORMIGUERO,18.11659162,-92.37959752
510,HORMIGUERO_4D_A12_1BIV,HORMIGUERO,18.11659162,-92.37959752
511,HORMIGUERO_4D_A12_3BIV,HORMIGUERO,18.11659162,-92.37959752
512,HORMIGUERO_4D_A4_BIII,HORMIGUERO,18.12549674,-92.38524908
513,HORMIGUERO_4D_A5_BII,HORMIGUERO,18.11313386,-92.36674501
514,HORMIGUERO_5_A_NP,HORMIGUERO,18.10572613,-92.37385697
515,HORMIGUERO_50_A12_1BII,HORMIGUERO,18.1218787,-92.36231279
516,HORMIGUERO_51_A12_1BIII,HORMIGUERO,18.11073036,-92.37003073
517,HORMIGUERO_52_A_NP,HORMIGUERO,18.11073036,-92.37003073
518,HORMIGUERO_53_A12_1BII,HORMIGUERO,18.12250701,-92.41208521
519,HORMIGUERO_53_A3_BI,HORMIGUERO,18.11018884,-92.39671295
520,HORMIGUERO_54_A_NP,HORMIGUERO,18.11018884,-92.39671295
521,HORMIGUERO_55_A12_1BVI,HORMIGUERO,18.11018884,-92.39671295
522,HORMIGUERO_55_A5_BII,HORMIGUERO,18.10881885,-92.40296043
523,HORMIGUERO_55_A6_BII,HORMIGUERO,18.10881885,-92.40296043
524,HORMIGUERO_56_A12_1BVI,HORMIGUERO,18.10881885,-92.40296043
525,HORMIGUERO_56_A5_BII,HORMIGUERO,18.11420918,-92.40587548
526,HORMIGUERO_56_A6_BII,HORMIGUERO,18.12162342,-92.40554309
527,HORMIGUERO_57_A10_BVIII,HORMIGUERO,18.12162342,-92.40554309
528,HORMIGUERO_58_A10_BIX,HORMIGUERO,18.11762545,-92.39915146
529,HORMIGUERO_58_A15_BVIII,HORMIGUERO,18.11762545,-92.39915146
530,HORMIGUERO_59_A10_BVII,HORMIGUERO,18.11762545,-92.39915146
531,HORMIGUERO_59_A12_1BVII,HORMIGUERO,18.11762545,-92.39915146
532,HORMIGUERO_59_A3_BI,HORMIGUERO,18.11762545,-92.39915146
533,HORMIGUERO_59_A4_BIII,HORMIGUERO,18.11762545,-92.39915146
534,HORMIGUERO_59_A4_BVII,HORMIGUERO,18.11762545,-92.39915146
535,HORMIGUERO_59_A5_BIII,HORMIGUERO,18.11023631,-92.39335233
536,HORMIGUERO_59_A6_BIII,HORMIGUERO,18.11023631,-92.39335233
537,HORMIGUERO_6_A10_BV,HORMIGUERO,18.11023631,-92.39335233
538,HORMIGUERO_6_A12_1BV,HORMIGUERO,18.11023631,-92.39335233
539,HORMIGUERO_6_A6_BI,HORMIGUERO,18.11023631,-92.39335233
540,HORMIGUERO_6_A6_BII,HORMIGUERO,18.12348453,-92.40246496
541,HORMIGUERO_6_A9_BI,HORMIGUERO,18.12348453,-92.40246496
542,HORMIGUERO_60_A10_BIX,HORMIGUERO,18.12348453,-92.40246496
543,HORMIGUERO_60_A12_1BIX,HORMIGUERO,18.12348453,-92.40246496
544,HORMIGUERO_60_A12_1BVIII,HORMIGUERO,18.11586185,-92.40270103
545,HORMIGUERO_60_A15_BVIII,HORMIGUERO,18.11261351,-92.40286743
546,HORMIGUERO_61_A12_1BVII,HORMIGUERO,18.11411207,-92.39632078
547,HORMIGUERO_62_A10_BVII,HORMIGUERO,18.11411207,-92.39632078
548,HORMIGUERO_63_A10_BIV,HORMIGUERO,18.11411207,-92.39632078
549,HORMIGUERO_63_A10_BVI,HORMIGUERO,18.11411207,-92.39632078
550,HORMIGUERO_63_A12_1BVI,HORMIGUERO,18.12044487,-92.39455098
551,HORMIGUERO_63_A6_BII,HORMIGUERO,18.12044487,-92.39455098
552,HORMIGUERO_64_A10_BVII,HORMIGUERO,18.12044487,-92.39455098
553,HORMIGUERO_64_A12_3BVI,HORMIGUERO,18.10782731,-92.38330332
554,HORMIGUERO_64_A6_BII,HORMIGUERO,18.10782731,-92.38330332
555,HORMIGUERO_66_A10_BIV,HORMIGUERO,18.11304756,-92.37992691
556,HORMIGUERO_66_A12_1BIV,HORMIGUERO,18.11304756,-92.37992691
557,HORMIGUERO_67_A10_BIV,HORMIGUERO,18.11872536,-92.37627212
558,HORMIGUERO_67_A12_1BIV,HORMIGUERO,18.09984707,-92.37739498
559,HORMIGUERO_68_A12_1BIV,HORMIGUERO,18.10616474,-92.38664531
560,HORMIGUERO_69_A_NP,HORMIGUERO,18.10616474,-92.38664531
561,HORMIGUERO_7_A10_BIV,HORMIGUERO,18.10391848,-92.37057405
562,HORMIGUERO_7_A12_1BIV,HORMIGUERO,18.10391848,-92.37057405
563,HORMIGUERO_70_A10_BIII,HORMIGUERO,18.11779455,-92.36321096
564,HORMIGUERO_70_A12_1BIII,HORMIGUERO,18.11418571,-92.36320709
565,HORMIGUERO_71_A12_1BII,HORMIGUERO,18.09667299,-92.37057855
566,HORMIGUERO_72_A_NP,HORMIGUERO,18.12758218,-92.3576583
567,HORMIGUERO_76_A_NP,HORMIGUERO,18.12894654,-92.37819281
568,HORMIGUERO_78_A_NP,HORMIGUERO,18.10945029,-92.38000819
569,HORMIGUERO_79_A_NP,HORMIGUERO,18.10945029,-92.38000819
570,HORMIGUERO_8_A10_BIV,HORMIGUERO,18.11387531,-92.39951586
571,HORMIGUERO_8_A12_1BIV,HORMIGUERO,18.11387531,-92.39951586
572,HORMIGUERO_9_A10_BVII,HORMIGUERO,17.95693606,-92.46249961
573,HORMIGUERO_9_A6_BII,HORMIGUERO,17.95693606,-92.46249961
574,J_COLOMO_1_A,JOSE COLOMO,,
575,J_COLOMO_1_C,JOSE COLOMO,,
576,J_COLOMO_10_DS,JOSE COLOMO,17.964642,-92.473648
577,J_COLOMO_10_E,JOSE COLOMO,17.964642,-92.473648
578,J_COLOMO_100_DS,JOSE COLOMO,17.961547,-92.501982
579,J_COLOMO_1001_DS,JOSE COLOMO,17.972932,-92.469812
580,J_COLOMO_101_DS,JOSE COLOMO,17.965697,-92.500073
581,J_COLOMO_102_DS,JOSE COLOMO,17.95871,-92.501369
582,J_COLOMO_103_A,JOSE COLOMO,17.952856,-92.467798
583,J_COLOMO_104_A,JOSE COLOMO,17.953083,-92.471784
584,J_COLOMO_105_DS,JOSE COLOMO,17.960508,-92.511493
585,J_COLOMO_108_DS,JOSE COLOMO,17.954531,-92.505862
586,J_COLOMO_109_DS,JOSE COLOMO,17.955462,-92.514135
587,J_COLOMO_10D_A,JOSE COLOMO,,
588,J_COLOMO_10D_DS,JOSE COLOMO,,
589,J_COLOMO_10D_F,JOSE COLOMO,,
590,J_COLOMO_11_A,JOSE COLOMO,17.95621,-92.469888
591,J_COLOMO_11_C,JOSE COLOMO,17.95621,-92.469888
592,J_COLOMO_111_5,JOSE COLOMO,17.949961,-92.462337
593,J_COLOMO_111_A,JOSE COLOMO,17.949961,-92.462337
594,J_COLOMO_111_A1,JOSE COLOMO,17.949961,-92.462337
595,J_COLOMO_113_DS,JOSE COLOMO,17.956867,-92.508645
596,J_COLOMO_114_CH6,JOSE COLOMO,,
597,J_COLOMO_114_DS,JOSE COLOMO,,
598,J_COLOMO_119_DS,JOSE COLOMO,,
599,J_COLOMO_12_A,JOSE COLOMO,17.956218,-92.473666
600,J_COLOMO_120_CH7,JOSE COLOMO,,
601,J_COLOMO_120_DS,JOSE COLOMO,,
602,J_COLOMO_13_A,JOSE COLOMO,,
603,J_COLOMO_13_C,JOSE COLOMO,,
604,J_COLOMO_137A_DS,JOSE COLOMO,,
605,J_COLOMO_14_C,JOSE COLOMO,,
606,J_COLOMO_20_DI,JOSE COLOMO,,
607,J_COLOMO_22_C,JOSE COLOMO,,
608,J_COLOMO_29_DS,JOSE COLOMO,,
609,J_COLOMO_2A_A,JOSE COLOMO,,
610,J_COLOMO_2A_C,JOSE COLOMO,,
611,J_COLOMO_2A_ZARG,JOSE COLOMO,,
612,J_COLOMO_3_C,JOSE COLOMO,,
613,J_COLOMO_32_3-AN,JOSE COLOMO,,
614,J_COLOMO_32_DI,JOSE COLOMO,,
615,J_COLOMO_32_DS,JOSE COLOMO,,
616,J_COLOMO_32D_E,JOSE COLOMO,,
617,J_COLOMO_32D_F,JOSE COLOMO,,
618,J_COLOMO_39_DS,JOSE COLOMO,,
619,J_COLOMO_4_A,JOSE COLOMO,,
620,J_COLOMO_40_DI,JOSE COLOMO,,
621,J_COLOMO_40_DS,JOSE COLOMO,,
622,J_COLOMO_401_6,JOSE COLOMO,,
623,J_COLOMO_401_A,JOSE COLOMO,,
624,J_COLOMO_401_B,JOSE COLOMO,,
625,J_COLOMO_402_6,JOSE COLOMO,,
626,J_COLOMO_402_C,JOSE COLOMO,,
627,J_COLOMO_403_7,JOSE COLOMO,,
628,J_COLOMO_403_A,JOSE COLOMO,,
629,J_COLOMO_403_A1,JOSE COLOMO,,
630,J_COLOMO_403_B,JOSE COLOMO,,
631,J_COLOMO_404_A,JOSE COLOMO,,
632,J_COLOMO_411_A,JOSE COLOMO,,
633,J_COLOMO_412_A,JOSE COLOMO,,
634,J_COLOMO_412_C,JOSE COLOMO,,
635,J_COLOMO_413_A,JOSE COLOMO,,
636,J_COLOMO_413_C,JOSE COLOMO,,
637,J_COLOMO_414_DS,JOSE COLOMO,,
638,J_COLOMO_415_C,JOSE COLOMO,,
639,J_COLOMO_416_A,JOSE COLOMO,,
640,J_COLOMO_421_A,JOSE COLOMO,,
641,J_COLOMO_422_C,JOSE COLOMO,,
642,J_COLOMO_423_C,JOSE COLOMO,,
643,J_COLOMO_426_A,JOSE COLOMO,,
644,J_COLOMO_46_3-AN,JOSE COLOMO,,
645,J_COLOMO_46_DI,JOSE COLOMO,,
646,J_COLOMO_46_DS,JOSE COLOMO,,
647,J_COLOMO_47_DS,JOSE COLOMO,,
648,J_COLOMO_48_DS,JOSE COLOMO,,
649,J_COLOMO_49_A,JOSE COLOMO,,
650,J_COLOMO_49_C,JOSE COLOMO,,
651,J_COLOMO_49_DS,JOSE COLOMO,,
652,J_COLOMO_49D_DI,JOSE COLOMO,,
653,J_COLOMO_49D_DS,JOSE COLOMO,,
654,J_COLOMO_5_DS,JOSE COLOMO,,
655,J_COLOMO_50_DS,JOSE COLOMO,,
656,J_COLOMO_55_DS,JOSE COLOMO,,
657,J_COLOMO_56_DS,JOSE COLOMO,,
658,J_COLOMO_5D_A,JOSE COLOMO,,
659,J_COLOMO_6_DS,JOSE COLOMO,,
660,J_COLOMO_60_DS,JOSE COLOMO,,
661,J_COLOMO_62_DI,JOSE COLOMO,,
662,J_COLOMO_63_DI,JOSE COLOMO,,
663,J_COLOMO_64_DS,JOSE COLOMO,,
664,J_COLOMO_65_DS,JOSE COLOMO,,
665,J_COLOMO_66_DI,JOSE COLOMO,,
666,J_COLOMO_67_DS,JOSE COLOMO,,
667,J_COLOMO_68_DI,JOSE COLOMO,,
668,J_COLOMO_68_DS,JOSE COLOMO,,
669,J_COLOMO_69_DS,JOSE COLOMO,,
670,J_COLOMO_69_F,JOSE COLOMO,,
671,J_COLOMO_69D_E,JOSE COLOMO,,
672,J_COLOMO_7_DS,JOSE COLOMO,,
673,J_COLOMO_70_DS,JOSE COLOMO,,
674,J_COLOMO_70D_DI,JOSE COLOMO,,
675,J_COLOMO_70D_E,JOSE COLOMO,,
676,J_COLOMO_70D_F,JOSE COLOMO,,
677,J_COLOMO_71_DI,JOSE COLOMO,,
678,J_COLOMO_72_DS,JOSE COLOMO,,
679,J_COLOMO_73_DI,JOSE COLOMO,,
680,J_COLOMO_74_DS,JOSE COLOMO,,
681,J_COLOMO_75_DI,JOSE COLOMO,,
682,J_COLOMO_76_C,JOSE COLOMO,,
683,J_COLOMO_76_DI,JOSE COLOMO,,
684,J_COLOMO_76D_E,JOSE COLOMO,,
685,J_COLOMO_76D_F,JOSE COLOMO,,
686,J_COLOMO_76T_DI,JOSE COLOMO,,
687,J_COLOMO_77_DS,JOSE COLOMO,,
688,J_COLOMO_77D_E,JOSE COLOMO,,
689,J_COLOMO_77D_F,JOSE COLOMO,,
690,J_COLOMO_77T_A,JOSE COLOMO,,
691,J_COLOMO_78_DI,JOSE COLOMO,,
692,J_COLOMO_78_E,JOSE COLOMO,,
693,J_COLOMO_78D_DS,JOSE COLOMO,,
694,J_COLOMO_78D_F,JOSE COLOMO,,
695,J_COLOMO_79_C1,JOSE COLOMO,,
696,J_COLOMO_79_DI,JOSE COLOMO,,
697,J_COLOMO_79_DS,JOSE COLOMO,,
698,J_COLOMO_8_DS,JOSE COLOMO,,
699,J_COLOMO_80_DS,JOSE COLOMO,,
700,J_COLOMO_81_DI,JOSE COLOMO,,
701,J_COLOMO_82_DS,JOSE COLOMO,,
702,J_COLOMO_82D_A,JOSE COLOMO,,
703,J_COLOMO_83_DI,JOSE COLOMO,,
704,J_COLOMO_84_C_DS,JOSE COLOMO,,
705,J_COLOMO_84_DS,JOSE COLOMO,,
706,J_COLOMO_84D_DI,JOSE COLOMO,,
707,J_COLOMO_84D_E,JOSE COLOMO,,
708,J_COLOMO_84D_F,JOSE COLOMO,,
709,J_COLOMO_85_A,JOSE COLOMO,,
710,J_COLOMO_85_A_C,JOSE COLOMO,,
711,J_COLOMO_85_A_C_C1,JOSE COLOMO,,
712,J_COLOMO_85_E,JOSE COLOMO,,
713,J_COLOMO_85D_DI,JOSE COLOMO,,
714,J_COLOMO_85D_DS,JOSE COLOMO,,
715,J_COLOMO_85D_E,JOSE COLOMO,,
716,J_COLOMO_85D_F,JOSE COLOMO,,
717,J_COLOMO_86_DI,JOSE COLOMO,,
718,J_COLOMO_87_DS,JOSE COLOMO,,
719,J_COLOMO_88_DI,JOSE COLOMO,,
720,J_COLOMO_89_DS,JOSE COLOMO,,
721,J_COLOMO_9_DS,JOSE COLOMO,,
722,J_COLOMO_90_DS,JOSE COLOMO,,
723,J_COLOMO_90D_A,JOSE COLOMO,,
724,J_COLOMO_91_DI,JOSE COLOMO,,
725,J_COLOMO_92_DS,JOSE COLOMO,,
726,J_COLOMO_95_DS,JOSE COLOMO,,
727,J_COLOMO_96_DS,JOSE COLOMO,,
728,J_COLOMO_98_DI,JOSE COLOMO,,
729,J_COLOMO_98_DS,JOSE COLOMO,,
730,J_COLOMO_99_DS,JOSE COLOMO,,
731,J_COLOMO_NE_1,JOSE COLOMO,,
732,J_COLOMO_SE_1,JOSE COLOMO,,
733,JUSPI_1,JUSPI,,
734,JUSPI_1001,JUSPI,,
735,JUSPI_1002,JUSPI,,
736,JUSPI_1003,JUSPI,,
737,JUSPI_1004,JUSPI,,
738,JUSPI_1005,JUSPI,,
739,JUSPI_1006,JUSPI,,
740,JUSPI_1007,JUSPI,,
741,JUSPI_1009,JUSPI,,
742,JUSPI_1009A,JUSPI,,
743,JUSPI_101,JUSPI,,
744,JUSPI_1010,JUSPI,,
745,JUSPI_1014,JUSPI,,
746,JUSPI_1015,JUSPI,,
747,JUSPI_101A,JUSPI,,
748,JUSPI_1A,JUSPI,,
749,NARVAEZ_1,NARVAEZ,18.45970626,-92.22462013
750,NARVAEZ_10_A30_43,NARVAEZ,18.45970626,-92.22462013
751,NARVAEZ_10_A43,NARVAEZ,18.45309524,-92.23015568
752,NARVAEZ_11_A30,NARVAEZ,18.42884711,-92.24358234
753,NARVAEZ_11_A43,NARVAEZ,18.4196417,-92.24456941
754,NARVAEZ_12I_A45,NARVAEZ,18.42469075,-92.242573
755,NARVAEZ_12S_A30,NARVAEZ,18.45062183,-92.22928847
756,NARVAEZ_13_A43,NARVAEZ,18.45062183,-92.22928847
757,NARVAEZ_14_A30,NARVAEZ,18.40159377,-92.22620378
758,NARVAEZ_15,NARVAEZ,18.40159377,-92.22620378
759,NARVAEZ_16_A30,NARVAEZ,18.40159377,-92.22620378
760,NARVAEZ_17_A43,NARVAEZ,18.45779901,-92.22808591
761,NARVAEZ_17_A45,NARVAEZ,18.45844228,-92.22854396
762,NARVAEZ_2_A45,NARVAEZ,18.4547022,-92.22517758
763,NARVAEZ_2_AS,NARVAEZ,18.4547022,-92.22517758
764,NARVAEZ_2_ENC,NARVAEZ,18.4547022,-92.22517758
765,NARVAEZ_20_A43,NARVAEZ,18.4547022,-92.22517758
766,NARVAEZ_20_A45,NARVAEZ,18.45437595,-92.22489606
767,NARVAEZ_3_A30,NARVAEZ,18.45437595,-92.22489606
768,NARVAEZ_3_A41,NARVAEZ,18.45450714,-92.22522731
769,NARVAEZ_3_A43,NARVAEZ,18.41280746,-92.26110343
770,NARVAEZ_3_A45,NARVAEZ,18.44938327,-92.23514871
771,NARVAEZ_3DI_A41,NARVAEZ,18.46002338,-92.21576616
772,NARVAEZ_3DS_A30,NARVAEZ,18.44746379,-92.22990236
773,NARVAEZ_3T_A43,NARVAEZ,18.4466715,-92.23064453
774,NARVAEZ_3T_A45,NARVAEZ,18.45435319,-92.22512528
775,NARVAEZ_4_AS,NARVAEZ,18.45435319,-92.22512528
776,NARVAEZ_5_A45,NARVAEZ,18.46423099,-92.21946295
777,NARVAEZ_6_ENC,NARVAEZ,18.46423099,-92.21946295
778,NARVAEZ_7_A43,NARVAEZ,18.3806171,-92.36736582
779,NARVAEZ_7_A45,NARVAEZ,18.3806171,-92.36736582
780,NARVAEZ_8_A30,NARVAEZ,18.38963375,-92.36737505
781,NARVAEZ_8_A43,NARVAEZ,18.37609721,-92.37556134
782,NARVAEZ_9I_A43,NARVAEZ,18.18667453,-92.3101785
783,NARVAEZ_9S_A30,NARVAEZ,18.60022106,-92.57288661
784,NISPERO_102,NISPERO,,
785,NISPERO_104,NISPERO,,
786,NISPERO_106,NISPERO,,
787,NISPERO_108,NISPERO,,
788,NISPERO_110,NISPERO,,
789,NISPERO_1107,NISPERO,,
790,NISPERO_114_I,NISPERO,,
791,NISPERO_116_I,NISPERO,,
792,NISPERO_118,NISPERO,,
793,NISPERO_120_I,NISPERO,,
794,NISPERO_70,NISPERO,,
795,NISPERO_74_I,NISPERO,,
796,NISPERO_76,NISPERO,,
797,NISPERO_76A,NISPERO,,
798,NISPERO_78,NISPERO,,
799,NISPERO_80,NISPERO,,
800,NISPERO_82,NISPERO,,
801,NISPERO_84,NISPERO,,
802,NISPERO_86,NISPERO,,
803,NISPERO_86A,NISPERO,,
804,NISPERO_88,NISPERO,,
805,NISPERO_90,NISPERO,,
806,NISPERO_92,NISPERO,,
807,NISPERO_94,NISPERO,,
808,NISPERO_96,NISPERO,,
809,NISPERO_96A,NISPERO,,
810,NISPERO_98,NISPERO,,
811,NISPERO_98A,NISPERO,,
812,RASHA_1_PI_AS,RASHA,,
813,RASHA_2_PI_AS,RASHA,,
814,RASHA_3_PI_AS,RASHA,,
815,RIO_NVO_1,RIO NUEVO,,
816,RIO_NVO_101,RIO NUEVO,,
817,RIO_NVO_1051,RIO NUEVO,,
818,RIO_NVO_1061,RIO NUEVO,,
819,RIO_NVO_1062,RIO NUEVO,,
820,RIO_NVO_31,RIO NUEVO,,
821,RIO_NVO_32,RIO NUEVO,,
822,RIO_NVO_41,RIO NUEVO,,
823,RIO_NVO_42,RIO NUEVO,,
824,RIO_NVO_44,RIO NUEVO,,
825,RIO_NVO_51,RIO NUEVO,,
826,RIO_NVO_54,RIO NUEVO,,
827,RIO_NVO_61,RIO NUEVO,,
828,RIO_NVO_62,RIO NUEVO,,
829,RIO_NVO_64,RIO NUEVO,,
830,SITIO_GDE_1,SITIO GRANDE,17.47559947,-93.08506279
831,SITIO_GDE_100,SITIO GRANDE,17.46026306,-93.07086115
832,SITIO_GDE_1001,SITIO GRANDE,17.4620158,-93.07060691
833,SITIO_GDE_101,SITIO GRANDE,17.46025462,-93.06347615
834,SITIO_GDE_1011,SITIO GRANDE,17.46171135,-93.06475268
835,SITIO_GDE_102,SITIO GRANDE,17.46051011,-93.07435025
836,SITIO_GDE_1021,SITIO GRANDE,17.46253341,-93.07438464
837,SITIO_GDE_103,SITIO GRANDE,17.46028475,-93.0600837
838,SITIO_GDE_104,SITIO GRANDE,,
839,SITIO_GDE_110,SITIO GRANDE,17.45344709,-93.06516771
840,SITIO_GDE_111,SITIO GRANDE,17.45343955,-93.06177607
841,SITIO_GDE_112,SITIO GRANDE,,
842,SITIO_GDE_121,SITIO GRANDE,,
843,SITIO_GDE_150,SITIO GRANDE,,
844,SITIO_GDE_2,SITIO GRANDE,,
845,SITIO_GDE_351_TER,SITIO GRANDE,,
846,SITIO_GDE_4,SITIO GRANDE,,
847,SITIO_GDE_5,SITIO GRANDE,17.47277109,-93.08335671
848,SITIO_GDE_51,SITIO GRANDE,17.482369,-93.07596591
849,SITIO_GDE_51D,SITIO GRANDE,,
850,SITIO_GDE_53,SITIO GRANDE,,
851,SITIO_GDE_6,SITIO GRANDE,17.47559122,-93.08165885
852,SITIO_GDE_61,SITIO GRANDE,17.47559158,-93.07426511
853,SITIO_GDE_61D,SITIO GRANDE,,
854,SITIO_GDE_63,SITIO GRANDE,17.47556152,-93.07085335
855,SITIO_GDE_6D,SITIO GRANDE,,
856,SITIO_GDE_7,SITIO GRANDE,17.48218541,-93.08329239
857,SITIO_GDE_70,SITIO GRANDE,17.4727712,-93.07596074
858,SITIO_GDE_701,SITIO GRANDE,17.47443117,-93.08025919
859,SITIO_GDE_71,SITIO GRANDE,17.47270772,-93.0725328
860,SITIO_GDE_73,SITIO GRANDE,17.47274492,-93.06515418
861,SITIO_GDE_8,SITIO GRANDE,17.48524151,-93.0850878
862,SITIO_GDE_80,SITIO GRANDE,17.46592697,-93.06345753
863,SITIO_GDE_801,SITIO GRANDE,17.47192114,-93.07419693
864,SITIO_GDE_81,SITIO GRANDE,,
865,SITIO_GDE_811,SITIO GRANDE,,
866,SITIO_GDE_82,SITIO GRANDE,,
867,SITIO_GDE_83,SITIO GRANDE,,
868,SITIO_GDE_84,SITIO GRANDE,,
869,SITIO_GDE_85,SITIO GRANDE,,
870,SITIO_GDE_90,SITIO GRANDE,17.46,-93.07
871,SITIO_GDE_901,SITIO GRANDE,17.46504162,-93.07229286
872,SITIO_GDE_91,SITIO GRANDE,17.46307193,-93.065156
873,SITIO_GDE_911,SITIO GRANDE,17.46451903,-93.06561952
874,SITIO_GDE_92,SITIO GRANDE,17.46314052,-93.07596166
875,SITIO_GDE_921,SITIO GRANDE,17.46489745,-93.07579857
876,SITIO_GDE_93,SITIO GRANDE,17.46306895,-93.06176203
877,SITIO_GDE_94,SITIO GRANDE,17.46313976,-93.08335122
878,SITIO_GDE_95,SITIO GRANDE,,
879,SUNUAPA_302,SUNUAPA,,
880,SUNUAPA_303,SUNUAPA,,
881,SUNUAPA_304,SUNUAPA,,
882,SUNUAPA_306,SUNUAPA,,
883,SUNUAPA_312,SUNUAPA,,
884,SUNUAPA_313,SUNUAPA,,
885,SUNUAPA_314,SUNUAPA,,
886,SUNUAPA_316,SUNUAPA,,
887,SUNUAPA_332,SUNUAPA,,
888,SUNUAPA_334,SUNUAPA,,
889,SUNUAPA_336,SUNUAPA,,
890,SUNUAPA_401,SUNUAPA,,
891,SUNUAPA_402,SUNUAPA,,
892,SUNUAPA_411,SUNUAPA,,
893,SUNUAPA_412,SUNUAPA,,
894,SHISHITO_3_Z_4,SHISHITO,17.79117322,-92.68746058
895,SHISHITO_3_Z_5,SHISHITO,17.78541727,-92.68560921
896,SHISHITO_3_Z_6,SHISHITO,17.79142271,-92.68731863
897,,,,
898,TEOTLECO_1 KM-KI_B-I,TEOTLECO,17.902171,-93.225961
899,TEOTLECO_1 KS_B-I,TEOTLECO,17.902171,-93.225961
900,TEOTLECO_1001 KM-KI_B-I,TEOTLECO,17.902171,-93.226169
901,TEOTLECO_1001 KS_B-I,TEOTLECO,17.902171,-93.226169
902,TEOTLECO_11 KS_B-I,TEOTLECO,17.911146,-93.236568
903,TEOTLECO_12 KS_B-I,TEOTLECO,17.910786,-93.236527
904,TEOTLECO_13,TEOTLECO,17.920559,-93.237161
905,TEOTLECO_14,TEOTLECO,17.905959,-93.265491
906,TEOTLECO_15 KM-KI_B-I,TEOTLECO,17.901729,-93.225018
907,TEOTLECO_15 KS_B-I,TEOTLECO,17.901729,-93.225018
908,TEOTLECO_16R KS_B-I,TEOTLECO,17.910568,-93.236426
909,TEOTLECO_2 KM-KI_B-I,TEOTLECO,17.902316,-93.225886
910,TEOTLECO_33 KM-KI_B-I,TEOTLECO,17.901653,-93.22536
911,TEOTLECO_33 KS_B-I,TEOTLECO,17.901653,-93.22536
912,TEOTLECO_4 KS_B-I,TEOTLECO,17.901616,-93.225187
913,TEOTLECO_42 KM-KI_B-I,TEOTLECO,17.901551,-93.225044
914,TEOTLECO_42 KS_B-I,TEOTLECO,17.901551,-93.225044
915,TEOTLECO_51,TEOTLECO,17.928791,-93.256474
916,TEOTLECO_54,TEOTLECO,17.928972,-93.256259
917,TEOTLECO_7 KM-KI_B-I,TEOTLECO,17.902062,-93.226254
918,TEOTLECO_7 KS_B-I,TEOTLECO,17.902062,-93.226254
919,TEOTLECO_9 KM-KI_B-I,TEOTLECO,17.901354,-93.225073
920,TEOTLECO_9 KS_B-I,TEOTLECO,17.901354,-93.225073
921,TEPETITAN_1_C_3,TEPETITAN,17.83464914,-92.28059472
922,TEPETITAN_101_C_3,TEPETITAN,17.82672513,-92.28819551
923,TEPETITAN_103_C_2_3,TEPETITAN,17.82456586,-92.28373286
924,TEPETITAN_11_C_1,TEPETITAN,17.81911264,-92.29397239
925,TEPETITAN_11_C_2,TEPETITAN,17.81402641,-92.29658291
926,TEPETITAN_11_C_3,TEPETITAN,17.81402641,-92.29658291
927,TEPETITAN_12_C_3,TEPETITAN,18.39541391,-92.07537733
928,TEPETITAN_14_C_3,TEPETITAN,18.39971195,-92.06765421
929,TEPETITAN_15_C_3,TEPETITAN,18.4022867,-92.08589621
930,TEPETITAN_2_C_3,TEPETITAN,18.20921444,-92.33352399
931,TEPETITAN_3_C_3,TEPETITAN,18.23917318,-92.36714495
932,TEPETITAN_4_C_3,TEPETITAN,18.23917318,-92.36714495
933,TEPETITAN_5_C_3,TEPETITAN,18.23917318,-92.36714495
934,TEPETITAN_6_C_3,TEPETITAN,18.23926078,-92.367095
935,TEPETITAN_7_C_3,TEPETITAN,18.23926078,-92.367095
936,TEPETITAN_8_A_2_C_3,TEPETITAN,18.23926078,-92.367095
937,TEPETITAN_8_C_3,TEPETITAN,18.24365399,-92.35893209
938,USUMACINTA_1_A_16,USUMACINTA,18.23914667,-92.35073644
939,USUMACINTA_11_A_16,USUMACINTA,18.23013495,-92.36708965
940,USUMACINTA_11_A_18,USUMACINTA,18.23013495,-92.36708965
941,USUMACINTA_11D_A_11,USUMACINTA,18.23013495,-92.36708965
942,USUMACINTA_11D_A_12,USUMACINTA,18.23013495,-92.36708965
943,USUMACINTA_11D_A_13,USUMACINTA,18.23463791,-92.37530528
944,USUMACINTA_11D_A_14,USUMACINTA,18.23463791,-92.37530528
945,USUMACINTA_12_A_11,USUMACINTA,18.23459684,-92.37538823
946,USUMACINTA_12_A_13,USUMACINTA,18.23459684,-92.37538823
947,USUMACINTA_12_A_16,USUMACINTA,18.23233768,-92.37122057
948,USUMACINTA_13_A_15,USUMACINTA,18.23233768,-92.37122057
949,USUMACINTA_13_A_16,USUMACINTA,18.23233768,-92.37122057
950,USUMACINTA_14_A_14,USUMACINTA,18.23233768,-92.37122057
951,USUMACINTA_14_A_15,USUMACINTA,18.24140692,-92.37939293
952,USUMACINTA_14_A_16,USUMACINTA,18.24140692,-92.37939293
953,USUMACINTA_14_A_8,USUMACINTA,18.24140692,-92.37939293
954,USUMACINTA_17_A_14,USUMACINTA,18.23464368,-92.38348474
955,USUMACINTA_17_A_16,USUMACINTA,18.23464368,-92.38348474
956,USUMACINTA_17D_A_12,USUMACINTA,18.24813539,-92.36717627
957,USUMACINTA_17D_A_18,USUMACINTA,18.24813539,-92.36717627
958,USUMACINTA_2_A_15,USUMACINTA,18.23248875,-92.37123008
959,USUMACINTA_2_A_16_1,USUMACINTA,18.23248875,-92.37123008
960,USUMACINTA_2_A_16_2,USUMACINTA,18.23248875,-92.37123008
961,USUMACINTA_2_A_17,USUMACINTA,18.23248875,-92.37123008
962,USUMACINTA_2_A_18,USUMACINTA,18.23248875,-92.37123008
963,USUMACINTA_2_A_7,USUMACINTA,18.23233768,-92.37122057
964,USUMACINTA_21_A_13,USUMACINTA,18.23463955,-92.35894259
965,USUMACINTA_21_A_18,USUMACINTA,18.23463955,-92.35894259
966,USUMACINTA_22_A_16,USUMACINTA,18.23463955,-92.35894259
967,USUMACINTA_22_A_18,USUMACINTA,18.23009167,-92.38352819
968,USUMACINTA_25A_A_16,USUMACINTA,18.23009167,-92.38352819
969,USUMACINTA_25A_A_18,USUMACINTA,18.23009167,-92.38352819
970,USUMACINTA_2D_A_10,USUMACINTA,18.22559635,-92.37529529
971,USUMACINTA_2D_A_11,USUMACINTA,18.23088692,-92.35242332
972,USUMACINTA_2D_A_13,USUMACINTA,18.23088692,-92.35242332
973,USUMACINTA_2D_A_14,USUMACINTA,18.23084358,-92.35251665
974,USUMACINTA_2D_A_8,USUMACINTA,18.23084358,-92.35251665
975,USUMACINTA_3_A_14,USUMACINTA,18.25090765,-92.35893107
976,USUMACINTA_3_A_15_16_1,USUMACINTA,18.24278974,-92.37370738
977,USUMACINTA_3_A_16_1,USUMACINTA,18.24278974,-92.37370738
978,USUMACINTA_3_A_16_2,USUMACINTA,18.24278974,-92.37370738
979,USUMACINTA_31_A_14,USUMACINTA,18.22923636,-92.37533464
980,USUMACINTA_31_A_15,USUMACINTA,18.22923636,-92.37533464
981,USUMACINTA_31_A_16,USUMACINTA,18.22923636,-92.37533464
982,USUMACINTA_32_A_15,USUMACINTA,18.22923636,-92.37533464
983,USUMACINTA_33_A_14,USUMACINTA,18.23282494,-92.39052368
984,USUMACINTA_33_A_19,USUMACINTA,18.23282494,-92.39052368
985,USUMACINTA_33DA_A_15,USUMACINTA,18.25265537,-92.37536706
986,USUMACINTA_33DA_A_17,USUMACINTA,18.23472773,-92.35893666
987,USUMACINTA_33DA_A_8,USUMACINTA,18.23472773,-92.35893666
988,USUMACINTA_34_A_16,USUMACINTA,18.23484807,-92.35889697
989,USUMACINTA_36_A_16,USUMACINTA,18.20924049,-92.3335264
990,USUMACINTA_36_A_18,USUMACINTA,17.86449139,-92.56085937
991,USUMACINTA_36_A_19,USUMACINTA,17.88815969,-92.61919192
992,USUMACINTA_37_A_13,USUMACINTA,17.88815969,-92.61919192
993,USUMACINTA_37_A_14,USUMACINTA,17.88815969,-92.61919192
994,USUMACINTA_37_A_15,USUMACINTA,17.88815969,-92.61919192
995,USUMACINTA_37_A_16,USUMACINTA,17.88815969,-92.61919192
996,USUMACINTA_38_A_15,USUMACINTA,17.88815969,-92.61919192
997,USUMACINTA_38_A_16,USUMACINTA,17.88815969,-92.61919192
998,USUMACINTA_39,USUMACINTA,17.92099752,-92.59654881
999,USUMACINTA_3D_A_10,USUMACINTA,17.86872098,-92.5497164
1000,USUMACINTA_3D_A_11,USUMACINTA,17.88763986,-92.62098919
1001,USUMACINTA_3T_A_13,USUMACINTA,17.88995908,-92.62388516
1002,USUMACINTA_40,USUMACINTA,17.88995908,-92.62388516
1003,TEOTLECO_15REE KM-KI_B-I,TEOTLECO,17.901729,-93.225018
1004,TEOTLECO_16,TEOTLECO,17.910568,-93.236426
